adduser	3.153ubuntu1	all	437
apt:arm64	3.2.0	arm64	4790
base-files:arm64	14ubuntu6.2	arm64	490
base-passwd:arm64	3.6.8	arm64	309
bash:arm64	5.3-2ubuntu1	arm64	2136
bsdutils:arm64	1:2.41.3-3ubuntu2	arm64	410
ca-certificates	20260601~26.04.1	all	333
coreutils	9.5-1ubuntu2+0.0.0~ubuntu25	all	10
coreutils-from-gnu	0.0.0~ubuntu25	all	236
curl:arm64	8.18.0-1ubuntu2.4	arm64	506
dash:arm64	0.5.12-12ubuntu3	arm64	204
debconf	1.5.92	all	507
debianutils:arm64	5.23.2build1	arm64	369
diffutils:arm64	1:3.12-1	arm64	500
dpkg:arm64	1.23.7ubuntu1	arm64	6450
e2fsprogs:arm64	1.47.2-3ubuntu4	arm64	2126
file:arm64	1:5.46-5build2	arm64	100
findutils:arm64	4.10.0-3build2	arm64	620
gcc-16-base:arm64	16-20260322-1ubuntu1	arm64	105
git-man	1:2.53.0-1ubuntu1	all	2376
git:arm64	1:2.53.0-1ubuntu1	arm64	24836
gnu-coreutils:arm64	9.7-3ubuntu2	arm64	9488
gpgv:arm64	2.4.8-4ubuntu3	arm64	364
grep:arm64	3.12-1	arm64	372
gzip:arm64	1.14-1~exp2ubuntu1.1	arm64	248
hostname:arm64	3.25build1	arm64	90
init-system-helpers	1.69	all	133
iproute2:arm64	6.19.0-1ubuntu1.1	arm64	3703
less:arm64	668-1build1	arm64	501
libacl1:arm64	2.3.2-2	arm64	101
libapt-pkg7.0:arm64	3.2.0	arm64	3447
libattr1:arm64	1:2.5.2-4	arm64	101
libaudit-common	1:4.1.2-1build1	all	17
libaudit1:arm64	1:4.1.2-1build1	arm64	215
libblkid1:arm64	2.41.3-3ubuntu2	arm64	322
libbpf1:arm64	1:1.6.3-1ubuntu1	arm64	487
libbrotli1:arm64	1.2.0-3build1	arm64	926
libbsd0:arm64	0.12.2-2build2	arm64	181
libbz2-1.0:arm64	1.0.8-6build2	arm64	87
libc-bin:arm64	2.43-2ubuntu2.3	arm64	2240
libc-gconv-modules-extra:arm64	2.43-2ubuntu2.3	arm64	18989
libc6:arm64	2.43-2ubuntu2.3	arm64	5132
libcap-ng0:arm64	0.8.5-4build5	arm64	151
libcap2-bin:arm64	1:2.75-10ubuntu2	arm64	300
libcap2:arm64	1:2.75-10ubuntu2	arm64	157
libcbor0.10:arm64	0.10.2-2ubuntu3	arm64	93
libcom-err2:arm64	1.47.2-3ubuntu4	arm64	114
libcrypt1:arm64	1:4.5.1-1	arm64	292
libcurl3t64-gnutls:arm64	8.18.0-1ubuntu2.4	arm64	1018
libcurl4t64:arm64	8.18.0-1ubuntu2.4	arm64	1015
libdb5.3t64:arm64	5.3.28+dfsg2-10ubuntu1	arm64	1765
libdebconfclient0:arm64	0.280ubuntu1	arm64	91
libedit2:arm64	3.1-20251016-1	arm64	302
libelf1t64:arm64	0.194-4	arm64	208
liberror-perl	0.17030-1	all	67
libexpat1:arm64	2.7.4-1	arm64	443
libext2fs2t64:arm64	1.47.2-3ubuntu4	arm64	599
libffi8:arm64	3.5.2-4	arm64	155
libfido2-1:arm64	1.16.0-2build1	arm64	286
libgcc-s1:arm64	16-20260322-1ubuntu1	arm64	149
libgcrypt20:arm64	1.12.0-2ubuntu1	arm64	1331
libgdbm-compat4t64:arm64	1.26-1build1	arm64	87
libgdbm6t64:arm64	1.26-1build1	arm64	153
libgmp10:arm64	2:6.3.0+dfsg-5ubuntu2	arm64	536
libgnutls30t64:arm64	3.8.12-2ubuntu1.1	arm64	2472
libgpg-error0:arm64	1.58-2	arm64	239
libgssapi-krb5-2:arm64	1.22.1-2ubuntu4.1	arm64	421
libhogweed6t64:arm64	3.10.2-1	arm64	377
libidn2-0:arm64	2.3.8-4build1	arm64	228
libk5crypto3:arm64	1.22.1-2ubuntu4.1	arm64	277
libkeyutils1:arm64	1.6.3-6ubuntu3	arm64	86
libkrb5-3:arm64	1.22.1-2ubuntu4.1	arm64	1098
libkrb5support0:arm64	1.22.1-2ubuntu4.1	arm64	152
libldap-common	2.6.10+dfsg-1ubuntu5	all	99
libldap2:arm64	2.6.10+dfsg-1ubuntu5	arm64	576
liblz4-1:arm64	1.10.0-8	arm64	217
liblzma5:arm64	5.8.3-1	arm64	457
libmagic-mgc:arm64	1:5.46-5build2	arm64	10135
libmagic1t64:arm64	1:5.46-5build2	arm64	241
libmd0:arm64	1.1.0-2build4	arm64	91
libmnl0:arm64	1.0.5-3build1	arm64	87
libmount1:arm64	2.41.3-3ubuntu2	arm64	457
libncursesw6:arm64	6.6+20251231-1	arm64	570
libnettle8t64:arm64	3.10.2-1	arm64	477
libnghttp2-14:arm64	1.68.0-2ubuntu0.2	arm64	228
libp11-kit0:arm64	0.26.2-2	arm64	2147
libpam-modules-bin:arm64	1.7.0-5ubuntu3.1	arm64	579
libpam-modules:arm64	1.7.0-5ubuntu3.1	arm64	3122
libpam-runtime	1.7.0-5ubuntu3.1	all	524
libpam0g:arm64	1.7.0-5ubuntu3.1	arm64	295
libpcre2-8-0:arm64	10.46-1build1	arm64	668
libperl5.40:arm64	5.40.1-7ubuntu0.1	arm64	30985
libproc2-0:arm64	2:4.0.4-9ubuntu1	arm64	297
libpsl5t64:arm64	0.21.2-1.1build2	arm64	155
libpython3-stdlib:arm64	3.14.3-0ubuntu2	arm64	26
libpython3.14-minimal:arm64	3.14.4-1ubuntu0.1	arm64	5649
libpython3.14-stdlib:arm64	3.14.4-1ubuntu0.1	arm64	11667
libreadline8t64:arm64	8.3-4	arm64	557
librtmp1:arm64	2.4+20151223.gitfa8646d.1-3	arm64	148
libsasl2-2:arm64	2.1.28+dfsg1-9ubuntu3	arm64	180
libsasl2-modules-db:arm64	2.1.28+dfsg1-9ubuntu3	arm64	107
libseccomp2:arm64	2.6.0-2ubuntu5	arm64	212
libselinux1:arm64	3.9-4build1	arm64	292
libsemanage-common	3.9-1build1	all	20
libsemanage2:arm64	3.9-1build1	arm64	353
libsepol2:arm64	3.9-2	arm64	863
libsmartcols1:arm64	2.41.3-3ubuntu2	arm64	261
libsqlite3-0:arm64	3.46.1-9ubuntu0.2	arm64	1851
libss2:arm64	1.47.2-3ubuntu4	arm64	114
libssh2-1t64:arm64	1.11.1-1ubuntu0.26.04.3	arm64	473
libssl3t64:arm64	3.5.5-1ubuntu3.4	arm64	8018
libstdc++6:arm64	16-20260322-1ubuntu1	arm64	3220
libsystemd0:arm64	259.5-0ubuntu3.4	arm64	1266
libtasn1-6:arm64	4.21.0-2	arm64	167
libtinfo6:arm64	6.6+20251231-1	arm64	677
libtirpc-common	1.3.7-0.1	all	27
libtirpc3t64:arm64	1.3.7-0.1	arm64	235
libudev1:arm64	259.5-0ubuntu3.4	arm64	394
libunistring5:arm64	1.3-2build1	arm64	2061
libuuid1:arm64	2.41.3-3ubuntu2	arm64	122
libxtables12:arm64	1.8.11-2ubuntu3	arm64	104
libxxhash0:arm64	0.8.3-2build1	arm64	85
libzstd1:arm64	1.5.7+dfsg-3	arm64	666
locales	2.43-2ubuntu2.3	all	15802
login.defs	1:4.17.4-2ubuntu3	all	103
login:arm64	1:4.16.0-2+really2.41.3-3ubuntu2	arm64	272
logsave:arm64	1.47.2-3ubuntu4	arm64	112
mawk:arm64	1.3.4.20260129-1	arm64	302
media-types	14.0.0build1	all	99
mount:arm64	2.41.3-3ubuntu2	arm64	524
ncurses-base	6.6+20251231-1	all	393
ncurses-bin:arm64	6.6+20251231-1	arm64	923
netbase	6.5build1	all	35
openssh-client:arm64	1:10.2p1-2ubuntu3.5	arm64	3745
openssl-provider-legacy:arm64	3.5.5-1ubuntu3.4	arm64	415
openssl:arm64	3.5.5-1ubuntu3.4	arm64	2539
passwd:arm64	1:4.17.4-2ubuntu3	arm64	4792
perl-base:arm64	5.40.1-7ubuntu0.1	arm64	8129
perl-modules-5.40	5.40.1-7ubuntu0.1	all	19985
perl:arm64	5.40.1-7ubuntu0.1	arm64	836
procps:arm64	2:4.0.4-9ubuntu1	arm64	2396
python-is-python3	3.13.3-1+build1	all	16
python3-minimal:arm64	3.14.3-0ubuntu2	arm64	110
python3-packaging	26.0-1	all	288
python3-pip	25.1.1+dfsg-1ubuntu2	all	10136
python3-pip-whl	25.1.1+dfsg-1ubuntu2	all	1532
python3-setuptools-whl	78.1.1-0.1build1	all	1324
python3-venv:arm64	3.14.3-0ubuntu2	arm64	6
python3-wheel	0.46.3-2	all	115
python3.14-minimal:arm64	3.14.4-1ubuntu0.1	arm64	7420
python3.14-venv:arm64	3.14.4-1ubuntu0.1	arm64	27
python3.14:arm64	3.14.4-1ubuntu0.1	arm64	912
python3:arm64	3.14.3-0ubuntu2	arm64	80
readline-common	8.3-4	all	81
sed:arm64	4.9-2ubuntu1	arm64	360
sensible-utils	0.0.26build1	all	66
sysvinit-utils:arm64	3.15-5ubuntu1	arm64	204
tar:arm64	1.35+dfsg-4ubuntu0.4	arm64	760
tzdata	2026c-0ubuntu0.26.04.1	all	1356
ubuntu-keyring	2023.11.28.1build1	all	29
util-linux:arm64	2.41.3-3ubuntu2	arm64	4446
wget:arm64	1.25.0-2ubuntu4.4	arm64	744
xz-utils:arm64	5.8.3-1	arm64	1056
zlib1g:arm64	1:1.3.dfsg+really1.3.1-1ubuntu3	arm64	183
